  
[
    {
        "card-img":{
            "fix-image":"img-fluid",
            "img-url":""
        },
        "card-body":{
            "card-title":{
                "title":"card-title",
                "font-size":"display-5",
                "font-weight":"strong"
            },    
            "sub-title":{
                "subtitle":"card-subtitle",
                "margin-top":"mt-1"
            },
            "card-text":{
                "text":"card-text",
                "margin-top":"mt-3"
            },
            "card-button":{
                "button":"btn btn-dark",
                "button-arrow":" &gt;"
            }
            
        }
    },

    {
        "card-img":{
            "fix-image":"img-fluid",
            "img-url":""
        },
        "card-body":{
            "card-title":{
                "title":"card-title",
                "font-size":"display-5",
                "font-weight":"strong"
            },    
            "card-text":{
                "text":"card-text",
                "margin-top":"mt-3"
            },
            "card-button":{
                "button":"btn btn-dark",
                "button-arrow":" &gt;",
                "btn-margin-top":"mt-2"
            } 
        }
    },

    {
        "card-img":{
            "fix-image":"img-fluid",
            "img-url":""
        },
        "card-body":{
            "card-subtitle":{
                "sub-title":"card-subtitle",
                "margin-top":"mt-2",
                "header-tag":"h4",
                "font-color":"text-success"
            },  
            "card-title":{
                "title":"card-title",
                "font-size":"display-6",
                "font-weight":"strong",
                "margin-top":"mt-2"
            },   
            "card-button":{
                "button":"btn btn-primary",
                "button-arrow":" &gt;",
                "btn-margin-top":"mt-2"
            }  
        }
    },

    {
        "card-img":{
            "fix-image":"img-fluid",
            "img-url":""
        },
        "card-body":{
            "card-title":{
                "title":"card-title",
                "muted-test":"text-muted",
                "font-weight":"strong"
            },    
            "card-text":{
                "text":"card-text",
                "font-size":"display-6",
                "margin-top":"mt-2"
            }
        }
    },

    {
        "card-shadow":"shadow",
        "border-radius":"rounded-3",
        "card-img":{
            "fix-image":"img-fluid",
            "img-url":""
        },
        "card-body":{
            "card-title":{
                "title":"card-title",
                "font-weight":"strong"
            },    
            "card-subtitle":{
                "sub-title":"card-text"
            },   
            "card-button":{
                "button":"btn btn-dark"
            }  
        }
    },

    {
        "card-body":{
            "items-center":"text-center",
            "card-title":{
                "title":"card-title",
                "font-weight":"strong"
            }
        }
    },
    
    {
        "items-center":"text-center",
        "card-body":{
            "card-title":{
                "title":"card-title",
                "font-weight":"strong"
            },
            "card-text":{
                "text":"card-text"
            }
        }
    },

    {
        "card-bg":"bg-light",
        "text-color":"text-white",
        "card-body":{
            "card-title":{
                "title":"card-title",
                "font-weight":"strong"
            },
            "card-text":{
                "text":"card-text"
            }
        }
    },

    {
        "card-shadow":"shadow",
        "border-radius":"rounded",
        "card-img":{
            "fix-image":"img-fluid",
            "img-url":""
        },
        "card-body":{
            "items-center":"text-center",
            "card-title":{
                "title":"card-title",
                "font-weight":"strong"
            },
            "card-text":{
                "text":"card-text"
            }
        }
        
    },


    {
        "card-title":{
            "text":"card-card-text"
        }
    },

    {
        "card-bg":"bg-warning",
        "items-center":"text-center",
        "border-radius":"rounded-4",
        "text-color":"text-white",
        "card-body":{
            "card-title":{
                "title":"card-title",
                "font-weight":"strong"
            },
            "button-outline":"btn btn-outline-primary"
        }
    },

    {
        "side-alignment":"flex-row-reverse",
        "vertical-alignment":"align-items-center",
        "card-body":{
            "item-color":"text-warning",
            "card-title":{
                "title":"card-title",
                "font-weight":"strong"
            },
            "card-text":{   
                "text":"card-text"
            },
            "button":"btn btn-primary"
        }
    },

    {   
        "card-img":{
            "fix-image":"img-fluid",
            "img-url":""
        },
        "side-alignment":"flex-row-reverse",
        "vertical-alignment":"align-items-center",
        "card-body":{
            "card-title":{
                "title":"card-title"
            },
            "card-subtitle":{
                "sub-title":"card-subtitle"
            },
            "card-text":{
                "text":"card-text"
            }
        }
    },

    {
        "side-alignment":"flex-row-reverse",
        "vertical-alignment":"align-items-center",
        "card-body":{
            "card-title":{
                "title":"card-title",
                "font-weight":"strong"
            },
            "card-text":{
                "text":"card-text"
            }
        }
    },

    {
        "card-border":"dark",
        "card-bg":"bg-warning",
        "card-title":{
            "title":"card-title",
            "font-weight":"strong"
        }
    },

    {
        "fix-image":"img-fluid",
        "card-img":{
            "img-url":""
        },
        "card-body":{
            "card-overlay":"card-img-overlay",
            "row-items-center":"justify-content-end",
            "text-color":"text-white",
            "card-bg":"bg-dark",
            "bg-opacity":"bg-opacity-75",
            "flex":"d-flex",
            "flex-item-column":"flex-column",
            "card-title":{
                "title":"card-title",
                "font-weight":"strong"
            },
            "card-text":{
                "text":"card-text"
            }
        }
    },

    {
        "fix-image":"img-fluid",
        "card-img":{
            "img-url":""
        },
        "card-body":{
            "card-overlay":"card-img-overlay",
            "text-color":"text-white",
            "card-bg":"bg-dark",
            "bg-opacity":"bg-opacity-75",
            "card-title":{
                "title":"card-title",
                "font-weight":"strong"
            },
            "card-text":{
                "text":"card-text"
            },
            "button-outline":"btn btn-outline-primary"
        }
    }
]